{"cameraMode":{"drawMode":0,"name":"Shaded","section":"Shading Mode"},"sceneLighting":true,"audioPlay":false,"sceneViewState":{"m_AlwaysRefresh":false,"showFog":true,"showSkybox":true,"showFlares":true,"showImageEffects":true,"showParticleSystems":true,"showVisualEffectGraphs":true,"m_FxEnabled":true},"in2DMode":false,"pivot":{"x":0.012141820974647999,"y":2.0311291217803957,"z":-9.932576179504395},"rotation":{"x":0.1799464076757431,"y":0.12358003854751587,"z":-0.022789623588323594,"w":0.9756014943122864},"size":0.07723625004291535,"orthographic":false}