{"cameraMode":{"drawMode":0,"name":"Shaded","section":"Shading Mode"},"sceneLighting":true,"audioPlay":false,"sceneViewState":{"m_AlwaysRefresh":false,"showFog":true,"showSkybox":true,"showFlares":true,"showImageEffects":true,"showParticleSystems":true,"showVisualEffectGraphs":true,"m_FxEnabled":true},"in2DMode":false,"pivot":{"x":3.8914272785186769,"y":-4.9136552810668949,"z":-7.332286834716797},"rotation":{"x":-0.28198105096817019,"y":-0.13669267296791078,"z":0.04062425717711449,"w":-0.9487481713294983},"size":19.993532180786134,"orthographic":false}