{"cameraMode":{"drawMode":0,"name":"Shaded","section":"Shading Mode"},"sceneLighting":true,"audioPlay":false,"sceneViewState":{"m_AlwaysRefresh":false,"showFog":true,"showSkybox":true,"showFlares":true,"showImageEffects":true,"showParticleSystems":true,"showVisualEffectGraphs":true,"m_FxEnabled":true},"in2DMode":false,"pivot":{"x":7.800200462341309,"y":5.6752190589904789,"z":-17.528398513793947},"rotation":{"x":0.12748169898986817,"y":0.7333382368087769,"z":-0.1449889838695526,"w":0.6509328484535217},"size":0.8465619087219238,"orthographic":false}