{"cameraMode":{"drawMode":0,"name":"Shaded","section":"Shading Mode"},"sceneLighting":true,"audioPlay":false,"sceneViewState":{"m_AlwaysRefresh":false,"showFog":true,"showSkybox":true,"showFlares":true,"showImageEffects":true,"showParticleSystems":true,"showVisualEffectGraphs":true,"m_FxEnabled":true},"in2DMode":false,"pivot":{"x":0.5243809223175049,"y":7.322875022888184,"z":0.5719506740570068},"rotation":{"x":0.012387173250317574,"y":0.9831812381744385,"z":-0.07269425690174103,"w":0.16704592108726502},"size":7.70184326171875,"orthographic":false}