{"cameraMode":{"drawMode":0,"name":"Shaded","section":"Shading Mode"},"sceneLighting":true,"audioPlay":false,"sceneViewState":{"m_AlwaysRefresh":false,"showFog":true,"showSkybox":true,"showFlares":true,"showImageEffects":true,"showParticleSystems":true,"showVisualEffectGraphs":true,"m_FxEnabled":true},"in2DMode":false,"pivot":{"x":-20.051706314086915,"y":-23.588998794555665,"z":-18.906497955322267},"rotation":{"x":0.12941458821296693,"y":-0.862561821937561,"z":0.40333953499794009,"w":0.2767597436904907},"size":19.993532180786134,"orthographic":false}