{"cameraMode":{"drawMode":0,"name":"Shaded","section":"Shading Mode"},"sceneLighting":false,"audioPlay":false,"sceneViewState":{"m_AlwaysRefresh":false,"showFog":true,"showSkybox":false,"showFlares":true,"showImageEffects":true,"showParticleSystems":true,"showVisualEffectGraphs":true,"m_FxEnabled":true},"in2DMode":false,"pivot":{"x":0.7285799980163574,"y":0.9139450788497925,"z":-5.6828999519348148},"rotation":{"x":0.0753563717007637,"y":-0.7299852967262268,"z":0.08160575479269028,"w":0.6743420958518982},"size":0.35561996698379519,"orthographic":false}