{"cameraMode":{"drawMode":0,"name":"Shaded","section":"Shading Mode"},"sceneLighting":false,"audioPlay":false,"sceneViewState":{"m_AlwaysRefresh":false,"showFog":true,"showSkybox":false,"showFlares":true,"showImageEffects":true,"showParticleSystems":true,"showVisualEffectGraphs":true,"m_FxEnabled":true},"in2DMode":false,"pivot":{"x":7.450580596923828e-9,"y":0.15102863311767579,"z":0.6990821957588196},"rotation":{"x":0.07582011818885803,"y":-0.011965176090598107,"z":0.0009099040180444717,"w":0.9970507025718689},"size":0.9513980150222778,"orthographic":false}