{"cameraMode":{"drawMode":0,"name":"Shaded","section":"Shading Mode"},"sceneLighting":false,"audioPlay":false,"sceneViewState":{"m_AlwaysRefresh":false,"showFog":true,"showSkybox":false,"showFlares":true,"showImageEffects":true,"showParticleSystems":true,"showVisualEffectGraphs":true,"m_FxEnabled":true},"in2DMode":false,"pivot":{"x":-0.002165200188755989,"y":0.05067465081810951,"z":-0.07999999821186066},"rotation":{"x":0.12252815812826157,"y":-0.4100154936313629,"z":0.05569076165556908,"w":0.9020962715148926},"size":0.11884626746177674,"orthographic":false}