{"cameraMode":{"drawMode":0,"name":"Shaded","section":"Shading Mode"},"sceneLighting":false,"audioPlay":false,"sceneViewState":{"m_AlwaysRefresh":false,"showFog":true,"showSkybox":false,"showFlares":true,"showImageEffects":true,"showParticleSystems":true,"showVisualEffectGraphs":true,"m_FxEnabled":true},"in2DMode":false,"pivot":{"x":1.1700000762939454,"y":1.5576000213623047,"z":0.028507709503173829},"rotation":{"x":0.17800237238407136,"y":0.06962811201810837,"z":-0.01254841685295105,"w":0.9815468788146973},"size":12.12435531616211,"orthographic":false}